{"cameraMode":{"drawMode":0,"name":"Shaded","section":"Shading Mode"},"sceneLighting":false,"audioPlay":false,"sceneViewState":{"showFog":true,"showMaterialUpdate":false,"showSkybox":false,"showFlares":true,"showImageEffects":true,"showParticleSystems":true},"in2DMode":false,"pivot":{"x":-16.90787696838379,"y":1.3676296472549439,"z":-0.6740314960479736},"rotation":{"x":0.07081564515829086,"y":-0.4821324050426483,"z":0.03913838416337967,"w":0.87235426902771},"size":3.54435396194458,"orthographic":true}