{"cameraMode":{"drawMode":0,"name":"Shaded","section":"Shading Mode"},"sceneLighting":true,"audioPlay":false,"sceneViewState":{"showFog":true,"showMaterialUpdate":false,"showSkybox":true,"showFlares":true,"showImageEffects":true,"showParticleSystems":true},"in2DMode":false,"pivot":{"x":80.864013671875,"y":8.2601318359375,"z":185.81982421875},"rotation":{"x":0.08585513383150101,"y":0.36471158266067507,"z":-0.03379468992352486,"w":0.9265420436859131},"size":2.7224361896514894,"orthographic":true}