{"cameraMode":{"drawMode":0,"name":"Shaded","section":"Shading Mode"},"sceneLighting":true,"audioPlay":false,"sceneViewState":{"showFog":true,"showMaterialUpdate":false,"showSkybox":true,"showFlares":true,"showImageEffects":true,"showParticleSystems":true},"in2DMode":false,"pivot":{"x":119.8429183959961,"y":-183.8125,"z":256.9427795410156},"rotation":{"x":0.36523133516311648,"y":0.14710105955600739,"z":-0.05856617912650108,"w":0.9173544049263},"size":250.80328369140626,"orthographic":true}